id;first_name;last_name;full_name;gender;status;phone;address_line_1;address_line_2;city;country;license_number;state
1;Lola;Rogahn;Account Soft;FEMALE;NON_COMPLIANT;(731) 474-1615;leading-edge;interfaces override;Bend;Albania;Indiana;Underpass
2;Meredith;O'Hara;Switchable dot-com;FEMALE;COMPLIANT;831.295.8539;Albania;mobile Granite;North Eunicetown;Bouvet Island (Bouvetoya);open-source;alarm
3;Imogene;Hills;Factors;FEMALE;COMPLIANT;365-917-4219;Designer Kiribati;infrastructures Movies payment;Dejontown;Bangladesh;magenta;initiatives invoice white
4;Hope;Turcotte;Shoes Concrete 1080p;FEMALE;COMPLIANT;850-650-0930 x132;reinvent deposit;Operations upward-trending;Brockton;Rwanda;Steel Awesome;architecture Cyprus
5;Tomas;Kassulke;Cheese;MALE;COMPLIANT;(756) 702-0605;Division;Metal UIC-Franc Kroon;South Hill;Angola;National;invoice Philippine
6;Nia;Batz;Music;MALE;COMPLIANT;1-414-780-3468 x342;Salad;circuit eyeballs;Costa Mesa;Benin;Ergonomic;Expanded Agent
7;Wiley;Ratke;Soft Switzerland Arkansas;MALE;COMPLIANT;401-444-3135 x76498;quantifying Awesome framework;Car mobile transition;Earnestinechester;Iraq;Self-enabling Borders Rustic;Tuna convergence
8;Emmy;Langworth;help-desk;FEMALE;COMPLIANT;1-908-685-5973;Manat e-business PNG;navigating;Ernserland;Swaziland;Solutions Rapids lavender;Concrete deliver
9;Pearl;Hilll;back-end;MALE;COMPLIANT;294-533-3953 x79145;deposit Bypass;Branch mint Eritrea;West Wadeshire;Marshall Islands;sexy;Loan
10;Marge;Sipes;iterate mobile;MALE;COMPLIANT;700.638.1966 x64444;Berkshire virtual Representative;Outdoors;Giovanifurt;Martinique;AGP Gorgeous;cyan
